Island_Name,Acreage,Country,latitude,longitude,Large Acreage,Ocean Island,Income Potential,Mainland Power,Islands with Beaches,Turn Key,Airstrip or Fly-in,Income Producing,Lake Island,Seasonal,Historic,River Island,Mainland Lot,nearest_city,city_distance,price
Rangyai Island,110,Thailand,7.954389999999999,98.447306,1,1,1,0,1,0,0,0,0,0,0,0,0,Ban Ko Kaeo,3.69,160000000.0
Pumpkin Key,26,United States of America,24.713197,-81.55425279999999,1,1,1,0,0,1,0,0,0,0,0,0,0,Cudjoe Key,4.54,95000000.0
Spectabilis Island,460,Bahamas,24.35803210000001,-76.58215279999997,1,1,1,0,1,0,0,0,0,0,0,0,0,Arthur’s Town,60.1,62000000.0
Cave Cay,222,Bahamas,23.901611090339998,-76.26314199536101,1,1,1,0,1,1,0,0,0,0,0,0,0,George Town,40.22,60000000.0
Nengo Nengo Atoll,2223,France,-18.75310201788,-141.80789642334,1,1,1,0,1,0,1,0,0,0,0,0,0,Avarua,1178.3,55778670.24
Darby Island,554,Bahamas,23.8495955,-76.22763370000001,1,1,1,0,1,1,1,0,0,0,1,0,0,George Town,36.18,46000000.0
Dulichium Island,1335,Greece,38.414257277137,21.091775751343,1,1,0,0,0,0,0,0,0,0,0,0,0,Astakós,8.4,44622936.19
Motu Tane,10,France,-16.4490481,-151.7630533,0,1,1,0,1,1,0,0,0,0,0,0,0,Avarua,618.38,39000000.0
Organica Beach,1492,Panama,8.3091734471503,-78.970234166259,0,1,0,0,1,0,0,0,0,0,0,0,0,San Miguel,10.45,38000000.0
Little Ragged Island,700,Bahamas,22.1649094,-75.7051647,1,1,1,0,1,0,0,0,0,0,0,0,0,Gibara,77.87,35000000.0
Big Grand Cay Archipelago,213,Bahamas,27.221578378814996,-78.31628549921899,1,1,1,0,1,1,0,0,0,0,0,0,0,High Rock,42.32,29000000.0
Frozen Cay and Alder Cay,84,Bahamas,25.543680537704,-77.713680267334,1,1,1,0,1,1,0,0,0,0,0,0,0,San Andros,39.08,29000000.0
Bird Cay,250,Bahamas,25.4003556,-77.815285,1,1,0,0,1,0,1,0,0,0,0,0,0,San Andros,27.33,26000000.0
Kanacea Island,3085,Fiji,-17.263613,-179.151735,1,1,0,0,1,0,0,0,0,0,0,0,0,Lau Province,69.2,26000000.0
Nusa Riro,22,Solomon Islands,-8.2876215273616,157.13175418427,1,1,0,0,0,0,0,0,1,0,1,0,0,Gizo,23.57,25000000.0
Matana South Seas Plantation,806,Fiji,-17.260587688582,179.34997545459,1,1,0,0,1,0,0,0,0,0,0,0,0,Cakaudrove Province,41.27,25000000.0
Lera Cay,80,Bahamas,24.7615833,-76.26819444444399,0,1,1,0,1,0,0,0,0,0,0,0,0,Arthur’s Town,38.67,24000000.0
Leaf Cay Private Residences,15,Bahamas,24.150151,-76.473169,0,1,1,0,1,1,1,1,0,0,0,0,0,Arthur’s Town,60.08,24000000.0
Captiva Key,13,United States of America,26.509387462845996,-82.184738017444,0,0,0,0,0,0,0,0,0,0,0,0,0,Saint James City,6.62,22000000.0
The Plantation,495,Belize,16.587927998458,-88.362654604315,1,1,0,0,1,0,0,0,0,0,0,0,0,Placencia,5.1,21000000.0
Guafo Island,49422,Chile,-43.59305560000001,-74.7136111,1,1,0,0,0,0,0,0,0,0,0,0,0,Quellón,64.14,20000000.0
Ile de Caille,400,Grenada,12.287246,-61.58314300000001,1,1,1,0,1,0,0,0,0,0,0,0,0,Sauteurs,6.08,20000000.0
Jwycesska Island,351,Bahamas,27.1206248,-78.08373459999999,1,1,0,0,1,0,0,0,0,0,0,0,0,High Rock,37.27,19000000.0
Violin Island,321,Mexico,18.809859895888,-88.087663257691,1,1,0,0,1,0,0,0,0,0,0,0,0,Calderitas,20.71,18000000.0
Little Hawkins Island,3,United States of America,31.197381,-81.394983,0,0,1,1,0,1,0,0,0,0,1,1,0,Saint Simon Mills,1.98,17800000.0
Frozen Cay,40,Bahamas,25.548584336378003,-77.71307239258999,0,1,1,0,1,1,0,0,0,0,0,0,0,San Andros,39.39,17000000.0
St Thomas,300,Greece,37.809623,23.247124,1,1,0,0,0,0,0,0,0,0,0,0,0,Ágioi Theódoroi,9.95,16733601.07
World Island Project (D98),12,United Arab Emirates,25.231060807557,55.167477416992,0,1,1,1,1,0,0,0,0,0,0,0,0,Dubai,13.84,16000000.0
Charles Island,55,Bahamas,25.540893,-76.748171,1,1,1,0,0,0,0,0,0,0,0,0,0,Spanish Wells,1.08,16000000.0
Palm Island,4,United States of America,24.712448758751997,-81.10686047486901,0,1,1,0,1,1,0,0,0,0,0,0,0,Marathon,1.04,15500000.0
Terra's Key,16,United States of America,24.892688685289997,-80.65894130423,0,1,1,1,1,1,0,0,0,0,0,0,0,Islamorada,2.93,15000000.0
East Sister Rock,1,United States of America,24.687248045946003,-81.074581708598,0,1,1,0,0,1,0,0,0,0,0,0,0,Marathon,2.08,15000000.0
Alder Cay,43,Bahamas,25.5368382,-77.71444609999998,0,1,1,0,1,1,0,0,0,0,0,0,0,San Andros,38.66,15000000.0
Cebaco Island,7410,Panama,7.5527201,-81.0865035,1,1,1,0,1,1,0,0,0,0,0,0,1,Mariato District,10.34,15000000.0
Big Sampson Cay,121,Bahamas,24.2122708,-76.4772748,1,1,1,0,1,1,1,0,0,0,0,0,0,Arthur’s Town,58.08,14500000.0
Elizabeth Island Property,38,Bahamas,23.503712256995,-75.720227208398,1,1,1,0,1,1,0,0,0,0,0,0,0,George Town,4.3,14000000.0
False Caye,60,Belize,16.602023452031,-88.338857012537,1,1,0,0,1,0,0,0,0,0,0,0,0,Placencia,6.34,12000000.0
Nananu-I-Cake,600,Fiji,-17.31839772771,178.23174825928,0,0,0,0,0,0,0,0,0,0,0,0,0,Ra Province,13.26,12000000.0
An Island Within An Island,14,Bahamas,26.504536409891,-78.656153578821,1,1,0,0,0,0,0,0,0,0,0,0,0,Lucaya,2.09,12000000.0
Saddleback Cay,47,Bahamas,24.654108960511998,-76.810913085938,1,1,1,0,1,0,0,0,0,0,0,0,0,Nassau,43.5,11800000.0
Pepin Island,1280,New Zealand,-41.1507105,173.42646519999997,1,1,1,0,1,1,0,0,0,0,0,0,0,Nelson,11.12,11467068.01
The Duke Group Archipelago,3300,Australia,-21.983476,150.16093999999995,1,1,1,0,1,1,1,0,0,0,0,0,0,Sarina,72.07,11379153.39
Spalathronisi Island,26,Greece,40.020836439853,23.807564664063,1,1,0,0,1,0,0,0,0,0,0,0,0,Néos Marmarás,5.36,11155734.05
Nakacha Huraa Lagoon,29,Maldives,4.3442396845888,73.390642771936,1,1,0,0,1,0,0,0,0,0,0,0,0,Hulhumale,13.78,11000000.0
Isla Puerco,160,Panama,8.3674816117751,-78.807892735474,1,1,0,0,1,0,0,0,0,0,0,0,0,San Miguel,10.77,11000000.0
Batchawana Island,5200,Canada,46.892542575833,-84.518707020508,1,0,0,0,0,0,0,0,1,0,0,0,0,Sault Ste. Marie,27.41,10972379.87
Kuramaadhoo Island,44,Maldives,5.873270622952501,73.143555492065,1,1,1,0,1,0,0,0,0,0,0,0,0,Ugoofaaru,16.18,10765283.36
Keraamithaa Island,103,Maldives,0.390701,73.012837,1,1,0,0,0,0,0,0,0,0,0,0,0,Thinadhoo,9.71,10765283.36
Deer Cay,603,Belize,18.098019096371,-87.95653867876,1,1,0,0,0,0,0,0,0,0,0,0,0,San Pedro,12.59,10500000.0
Thompson Island,5,United States of America,24.564164771563,-81.74923418437801,0,1,1,0,0,1,0,0,0,0,0,0,0,Stock Island,0.71,10495000.0
Tavernier Key,31,United States of America,24.997050346648003,-80.502186196729,1,1,0,0,0,0,0,0,0,0,0,0,0,Tavernier,1.28,10149000.0
Toad Hall Estate,6,United Kingdom,18.4303327,-64.4435806,0,0,0,0,0,1,0,1,0,0,0,0,0,Saint Paul’s,127.21,10000000.0
Belle Island & Cubbage Island,264,United States of America,31.76382999047,-81.22067805659199,1,0,0,0,0,0,0,0,0,0,1,1,0,Midway,12.67,10000000.0
Young Island Resort,13,SVG,13.13102202381,-61.202609669998,0,1,0,0,1,1,0,1,0,0,0,0,0,Kingstown,2.37,10000000.0
Water Caye,567,Belize,17.384237,-88.064037,1,1,0,0,0,0,0,0,0,0,0,0,0,Belize City,11.87,10000000.0
Lataro Island,719,Vanuatu,-15.26504,167.191537,1,1,1,0,1,1,1,1,0,0,0,0,1,Port-Olry,17.35,9995000.0
Great Sale Cay,370,Bahamas,26.9966296,-78.21058570000002,1,1,1,0,1,0,0,0,0,0,0,0,0,High Rock,27.04,9900000.0
Lumber Cay,30,Bahamas,24.161774994724002,-76.430015586694,1,1,0,0,1,0,0,0,0,0,0,0,0,Arthur’s Town,57.37,9400000.0
Jim Cay,8,Bahamas,23.883476164965,-76.25602703223298,0,1,0,0,1,0,0,0,0,0,0,0,0,George Town,39.06,9000000.0
Sandy Island,20,Grenada,12.2220101,-61.5858804,0,0,0,0,0,0,0,0,0,0,0,0,0,Sauteurs,3.61,9000000.0
Isla Di Yerba,8,Curacao,12.079673590662,-68.845199630566,0,1,0,0,0,0,0,0,0,0,0,0,1,Puerto Cumarebo,53.5,8800000.0
Trump Island,29,United States of America,48.5044389,-122.8386889,1,0,1,0,0,1,0,0,1,0,0,0,0,Friday Harbor,8.42,8750000.0
Leaf Cay,30,Bahamas,23.7861,-76.1271,0,1,1,0,1,0,0,0,0,0,0,0,0,George Town,28.5,8500000.0
Roberts Cay,20,Bahamas,24.796630248371,-76.831727423279,0,1,1,0,1,0,0,0,0,0,0,0,0,Nassau,36.79,8000000.0
Sipson Island,25,United States of America,41.736553716213,-69.963220453967,1,1,1,0,1,1,0,0,0,0,1,0,1,Chatham,3.77,7985000.0
Devils Cay,117,Bahamas,25.600664,-77.728615,1,1,1,0,1,0,0,0,0,0,0,0,0,San Andros,42.0,7950000.0
Katitche Point Greathouse,1,United Kingdom,18.47188,-64.414659289,0,0,0,0,0,1,0,1,0,0,0,0,0,Saint Paul’s,127.27,7950000.0
Powell Cay,294,Bahamas,26.908188800000005,-77.4773674,1,1,1,0,1,0,0,0,0,0,0,0,0,Cooper’s Town,3.29,7895000.0
Woodmere Island,5,Canada,45.143841,-79.583031,0,0,1,1,0,1,0,0,1,1,0,0,0,Bracebridge,15.08,7895000.0
Kaashihulhudhoo Island,38,Maldives,0.48814383502309,72.994624296728,1,1,0,0,1,0,0,0,0,0,0,0,0,Thinadhoo,2.95,7809013.83
Horse Island,157,Ireland,51.51630460000001,-9.4680023,1,1,1,0,1,1,1,0,0,0,0,0,0,Skibbereen,8.96,7530120.48
Adavaci Island,102,Fiji,-17.200052192319,-179.00711732794,1,1,0,0,1,0,0,0,0,0,0,0,0,Lau Province,70.85,7500000.0
Petit Trou Peninsula,50,Grenada,12.025008319683002,-61.659445166595,1,1,0,0,1,0,0,0,0,0,0,0,0,Saint David’s,1.77,7500000.0
Frenchman's Caye,200,Belize,17.572844202155,-88.07520285101299,1,1,0,0,0,0,0,0,0,0,0,0,0,Belize City,9.52,7500000.0
Parida Island,217,Panama,8.1294648092245,-82.332038738037,1,1,1,0,1,1,1,0,0,0,0,0,0,Pedregal,17.79,7500000.0
Aese Island,1690,Vanuatu,-15.4316954,167.2491365,1,1,0,0,1,0,0,0,0,0,0,0,0,Luganville,8.4,7500000.0
Sand Dollar Cay,24,Bahamas,25.570007589664996,-77.723293432861,0,1,1,0,1,0,0,0,0,0,0,0,0,San Andros,40.32,7200000.0
Motu Rauoro,18,France,-16.572897586134,-151.44357146067,0,1,0,0,1,0,0,0,0,0,0,0,0,Avarua,631.61,7137688.53
Sawyer's Cay,6,Bahamas,25.539214,-76.80510699999998,0,1,1,0,1,0,0,0,0,0,0,0,0,Spanish Wells,2.62,7050000.0
Bonefish Cay 135-acres,14,Bahamas,26.890357276101998,-77.451210363477,0,1,1,0,1,1,0,0,0,0,0,0,0,Cooper’s Town,3.93,7000000.0
40-acre Beachfront Property on Ambergris Caye,40,Belize,18.001592000000006,-87.94328370000002,1,1,0,1,1,0,0,0,0,0,0,0,0,San Pedro,6.1,6999500.0
Bird Island,51,United States of America,28.897588121452998,-81.851878186755,1,0,1,0,0,1,0,0,1,0,0,0,0,Fruitland Park,4.14,6700000.0
Vargas Island Lot,65,Canada,49.202900055189,-126.03647077867,1,1,0,0,1,0,1,0,0,0,0,0,0,Tofino,6.77,6600000.0
Motu Moie,20,France,-16.558143428902,-151.51192377453998,0,1,1,0,1,1,0,0,0,0,0,0,0,Avarua,628.31,6500000.0
Tiger Point,359,Belize,17.249595979556002,-88.337132008984,0,0,0,0,0,0,0,0,0,0,0,0,0,Belize City,19.57,6400000.0
Nail Bay Land,60,United Kingdom,18.4939059,-64.4022877,1,1,1,0,0,0,0,0,0,0,0,0,0,Saint Paul’s,127.49,6200000.0
Toberua Island Resort,5,Fiji,-17.9749062,178.7047,0,1,0,0,1,1,0,1,0,0,0,0,0,Tailevu Province,16.64,6200000.0
Kelefesia Island,32,Tonga,-20.501593015529,-174.73575489941,1,1,0,0,1,0,0,0,0,0,0,0,0,Kolonga,48.6,6000000.0
Janoyoy Island,4,Philippines,9.7546852,126.1312853,0,1,0,0,1,0,0,0,0,0,0,0,0,Union,1.44,5600000.0
Pierre Island,16,Bahamas,25.556148,-76.659508,0,1,1,0,1,0,0,0,0,0,0,0,0,Dunmore Town,4.0,5495000.0
Stroggilo Island,54,Greece,37.372743083346,26.716260910034,1,1,0,1,0,0,0,0,0,0,0,0,0,Skála,10.14,5020080.32
Fishermans Caye,42,Belize,16.672240983807,-88.189809406494,1,1,0,0,1,0,0,0,0,0,0,0,0,Placencia,16.0,4995000.0
Tivi Island,150,Fiji,-16.272035532284,179.46879186902,1,1,0,0,1,0,0,0,0,0,0,0,0,Labasa,13.11,4995000.0
La Patella,1,Bahamas,25.046294712052998,-77.500128857811,0,1,1,0,0,1,0,0,0,0,0,0,0,Nassau,9.87,4950000.0
North Saddle Caye,4,Belize,16.693212043576,-88.171033100525,0,1,1,0,0,1,0,0,0,0,0,0,0,Placencia,17.9,4950000.0
Goat Cay,7,Bahamas,23.402352664334,-75.51426998864801,0,1,1,0,0,0,0,0,0,0,0,0,0,George Town,18.97,4800000.0
Bainema Paradise Beach Villa,158,Brazil,-13.623767218007,-38.904993726368,1,1,1,0,0,1,0,0,0,0,0,0,0,Cairu,7.31,4680000.0
Isla Brava,140,Panama,8.1830842766129,-82.25595582525601,1,1,0,0,1,0,0,0,0,0,0,0,0,San Lorenzo,13.55,4600000.0
Big Fish Cay,55,Bahamas,27.049362100000003,-77.8374429,1,1,1,0,1,1,0,0,0,0,0,0,0,Cooper’s Town,23.55,4500000.0
65-Acre Private Island Resort,7,Belize,17.575057271267,-88.064189529053,0,1,1,0,1,1,0,0,0,0,0,0,0,Belize City,10.22,4500000.0
"Hawks Nest Cay, 26 acres",26,Bahamas,25.748372256259,-77.820128354956,1,1,0,0,1,0,0,0,0,0,0,0,0,San Andros,49.24,4500000.0
Valiha Island,950,Madagascar,-12.385039,48.70694,1,1,0,0,1,0,0,0,0,0,0,0,0,Mahalina,12.64,4462293.62
Cerboli Island,10,Italy,42.8583454,10.5475429,0,1,0,0,0,0,0,0,0,0,0,0,0,Piombino,4.77,4462293.62
Lake Saimaa Development,256,Finland,61.7394836,29.1283248,1,0,0,0,0,0,0,0,1,0,0,0,0,Punkaharju,8.61,4400000.0
Montego Caye,119,Belize,17.586769730739,-88.08263120805702,1,1,0,0,1,0,0,0,0,0,0,0,0,Belize City,9.68,4250000.0
Golden Pavilion,4,United Kingdom,18.456187032225,-64.5739799021,0,1,1,0,0,1,0,0,0,0,0,0,0,Saint Paul’s,135.36,4250000.0
Koome Island,3053,Uganda,-0.06078554512572,32.825773656067,1,0,0,0,0,0,0,0,1,0,0,0,0,Entebbe,25.25,4000000.0
Four Islands in Panama,45,Panama,9.593418152061599,-79.664805793762,1,1,0,0,1,0,0,0,0,0,0,0,0,Portobelo,2.84,4000000.0
1 Mandalay Island,3,United States of America,27.1813275,-80.1868135,0,1,1,0,1,1,0,0,0,0,0,0,0,Sewall's Point,1.57,3995000.0
Puenta Vieja Parcel,30,Panama,9.2937751849534,-82.08274235866101,1,1,0,0,1,0,0,0,0,0,0,0,0,Isla Bastimentos,3.48,3988000.0
Wild Berry Cay,100,Bahamas,25.4618921,-77.793122,1,1,1,0,1,0,0,0,0,0,0,0,0,San Andros,31.68,3950000.0
Faraway Camp,50,Canada,45.98770208555101,-81.553664520703,0,0,1,0,0,1,0,0,1,1,1,0,0,Little Current,17.83,3779795.69
Petite Cay,36,Bahamas,25.772586991466998,-77.834499382837,1,1,0,0,1,0,0,0,0,0,0,0,0,San Andros,50.59,3750000.0
Quartz Bay,88,Canada,50.163471549273005,-124.98944184608999,0,1,1,0,0,1,0,0,0,0,0,0,0,Campbell River,15.21,3745743.47
Angel Island,3,Canada,49.377718624928995,-94.125371296387,0,0,1,1,0,1,0,0,1,1,0,0,0,Kenora,31.49,3707907.68
Koh Jum Island Lodge,7,Thailand,7.8118868,98.9769851,0,0,0,0,0,0,0,0,0,0,0,0,0,Amphoe Ko Lanta,9.74,3600000.0
Medio Island,99,Philippines,12.38,124.040556,1,1,0,0,1,0,0,0,0,0,0,0,0,Capul,9.95,3500000.0
Little Goat Island,390,United States of America,32.789100063283,-79.798896457544,1,1,0,0,0,0,0,0,0,0,0,0,0,Isle of Palms,0.28,3500000.0
Isla Bonita,20,Brazil,-22.991823161238,-43.910332969385,0,1,1,0,1,1,0,0,0,0,0,0,0,Mangaratiba,8.58,3500000.0
AuTrain Island,106,United States of America,46.485629,-86.896019,1,0,0,0,0,0,0,0,1,0,0,0,0,Munising,12.82,3450000.0
Wild Duck Island,300,Australia,-22.006397,149.8555,1,1,1,0,1,0,1,0,0,0,0,0,0,Sarina,57.69,3413746.02
Whitestone Island,6,Canada,49.596500534036,-124.04484564722,0,1,1,0,0,1,0,0,0,0,0,0,0,South Pender Harbour,1.98,3405221.34
Dumunpalit Island,75,,12.3830556,120.1172222,1,1,0,0,1,0,0,0,0,0,0,0,0,Buluang,19.3,3400000.0
Fazenda Cipo Island,25,Brazil,-13.761744214978002,-39.102697763354,1,1,0,0,1,0,0,0,0,0,0,0,0,Ituberá,3.54,3346720.21
Lihnari Peninsula,95,Greece,37.8419,23.0669,1,1,0,0,0,0,0,0,0,0,0,0,0,Sofikón,3.4,3346720.21
Kythnos Island parcel,187,Greece,37.3933984,24.41733210000001,1,1,0,0,1,0,0,0,0,0,0,0,0,Nomós Kykládon,27.45,3235162.87
Loud Island,30,United States of America,44.481756268327,-83.371748580395,1,0,1,0,0,1,0,0,1,0,1,0,1,Au Sable,5.27,3200000.0
The Carolina Cays,256,United States of America,35.87920326,-75.63056954,1,1,0,0,1,0,0,0,0,0,0,0,0,Wanchese,2.56,3200000.0
Historic Popenhager Camp,21,United States of America,25.9867611,-81.0431176,1,0,1,0,0,1,0,0,1,0,1,1,0,Collier County,22.37,3150000.0
Victoria Point Cays,10,Bahamas,24.228493092317,-77.622438263446,0,1,1,0,0,1,0,0,0,0,0,0,0,Andros Town,34.19,3100000.0
Benbow Caye,133,Belize,17.477182355903,-88.085782798584,1,1,0,0,0,0,0,0,0,0,0,0,0,Belize City,7.53,3000000.0
Soneva Jani,1,Maldives,5.7116682307060005,73.41500039577,0,1,1,0,1,1,0,0,0,0,0,0,0,Manadhoo,3.82,3000000.0
Soneva Fushi,1,Maldives,5.111997,73.078154,0,1,1,0,1,1,0,0,0,0,0,0,0,Open Stage,0.67,3000000.0
Itaranajá Island,3756,Brazil,-0.65,-47.21666670000001,1,1,0,0,0,0,0,0,0,0,0,0,0,São João de Pirabas,9.04,3000000.0
Islas Marias,27,Panama,7.7099136918319,-81.071343698425,1,1,0,0,1,0,0,0,0,0,0,0,0,Mariato District,5.1,3000000.0
Pucoy Island,141,Philippines,11.7516371,119.9581538,1,1,0,0,1,0,0,0,0,0,0,0,0,San Miguel,18.87,3000000.0
Big Gull Island,12,United States of America,56.99569585671699,-135.34265605239,0,1,1,0,0,1,0,0,0,0,0,0,0,Sitka,3.99,3000000.0
Kadomo Island,70,Fiji,-17.492507999999994,177.0518092,1,1,0,0,1,0,0,0,0,0,0,0,0,Lautoka,27.63,2980000.0
Whiskey Island,3,United States of America,44.24727,-76.153,0,0,1,0,0,1,0,0,0,0,0,1,0,Clayton,3.37,2950000.0
High Cay,31,Bahamas,23.949181018009,-74.476727632016,0,1,0,0,1,0,0,0,0,0,1,0,0,Clarence Town,66.88,2950000.0
Cambria Island,4,Canada,45.540331683775996,-80.437903119049,0,0,1,0,0,1,0,0,1,0,1,0,0,Parry Sound,23.64,2947408.25
Bigwood Island,36,Canada,45.764793950427,-80.640522540918,1,0,1,0,0,1,0,0,1,0,0,0,0,Parry Sound District,38.94,2913356.03
Point Pleasant,500,Canada,46.040075845372,-62.535433817261,1,0,0,0,0,0,0,0,0,1,0,0,0,Montague,10.3,2900000.0
Mowgli Island,9,,48.971999200000006,-123.6084175,0,1,1,0,0,0,0,0,0,0,0,0,0,Chemainus,6.34,2875520.24
Cogra Point Peninsula,28,Australia,-33.52756,151.226699,1,1,1,0,0,1,0,0,0,0,0,0,0,Umina Beach,4.99,2850000.0
Palm Ridge Property,5,United Kingdom,18.422412866167,-64.620904297217,0,1,1,0,1,1,0,0,0,0,0,0,0,Saint Paul’s,136.77,2800000.0
Ligpo Island,1,Philippines,13.820500845808,120.90084979021002,0,1,1,1,0,1,0,0,0,0,0,0,0,San Luis,2.59,2800000.0
Sandpenny Island,3,United States of America,30.665104757767,-81.51038087990098,0,0,1,1,0,1,0,0,1,0,0,0,0,Fernandina Beach,2.86,2749000.0
Turtle Caye,19,Belize,17.455530149932002,-88.062199501709,0,1,0,0,1,0,0,0,0,0,0,0,0,Belize City,9.42,2700000.0
Camp Island Silver Shoals Lodge,6,Australia,-19.849812741834,147.90211986984,0,1,1,0,1,1,0,0,0,0,0,0,0,Bowen,25.13,2655135.79
Cedar Island,202,United States of America,35.007010496827995,-76.333437195922,0,1,0,0,1,0,0,0,0,0,0,0,0,Carteret County,14.99,2645000.0
Rainforest Caye,37,Belize,16.17889,-88.64083000000002,1,1,0,0,1,0,0,0,0,0,0,0,0,Punta Gorda,12.51,2600000.0
Crescent Island,4,United States of America,26.48836,-82.08814220000002,0,1,1,0,1,1,0,1,0,0,0,0,0,Saint James City,0.88,2599000.0
Villa Bergholmen,5,Finland,59.99483299999999,22.612667,0,1,0,0,0,1,0,1,1,0,0,0,0,Dragsfjärd,6.68,2565818.83
Island of South Walton,53,United States of America,30.378444640124002,-86.115082460327,1,1,0,0,0,0,0,0,0,0,0,0,0,Seaside,4.27,2500000.0
A Dream Come True Villa,1,United Kingdom,18.471560646027,-64.41411892396401,0,1,1,0,1,1,0,0,0,0,0,0,0,Saint Paul’s,127.22,2500000.0
Isla Cui Cui,30,Chile,-40.689670006185004,-72.383070765088,1,0,1,0,0,1,0,0,1,0,0,0,0,Puyehue,11.65,2500000.0
Dan May Island,72,United States of America,29.280719172381,-83.104952271164,1,0,1,0,0,1,0,0,0,0,0,1,0,Levy County,19.06,2500000.0
Hog Island,600,United States of America,34.997985883531,-76.27692149292,1,1,0,0,1,0,0,0,0,0,0,0,0,Carteret County,17.18,2500000.0
South Cocoplum Caye,6,Belize,16.874582629297,-88.121740739456,0,1,0,0,1,0,0,0,0,0,0,0,0,Dangriga,9.87,2500000.0
Koro Levu Island,8,Fiji,-16.7666667,-179.9833333,0,1,0,0,1,0,0,0,0,0,0,0,0,Cakaudrove Province,40.3,2500000.0
Perpall Cayes,158,Bahamas,23.466671,-75.833302,1,1,0,0,1,0,0,0,0,0,0,0,0,George Town,4.52,2500000.0
Tambor and Magotes Islands,15,Panama,9.638133004427802,-79.528478984131,0,1,0,0,0,0,0,0,0,0,0,0,0,Nombre de Dios,5.64,2500000.0
Morgans Caye,28,Belize,17.449959867472998,-88.070385510693,1,1,0,0,1,0,0,0,0,0,0,0,0,Belize City,9.05,2500000.0
Echo Island B350,16,Canada,45.196330634610995,-80.133228480951,0,0,1,1,0,1,0,0,1,1,0,0,0,Parry Sound,11.47,2489595.16
Eshpabekong Island Archipelago,17,Canada,44.934858482022,-79.960584223865,1,0,1,0,0,1,0,0,1,0,0,0,0,Midland,13.32,2485811.58
Sands Island,7,United States of America,30.41849,-81.515264,0,0,1,0,0,1,0,0,0,0,0,1,0,Atlantic Beach,9.06,2300000.0
Low Cay,25,Bahamas,23.93885,-74.481318,0,1,0,0,1,0,0,0,0,0,0,0,0,Clarence Town,66.11,2300000.0
Bircholm on Deer Island,50,United States of America,44.264732878337,-74.332858135999,1,0,0,0,0,1,0,0,1,0,0,0,1,Tupper Lake,7.08,2250000.0
Lakefront Cottages and Golf Course Retreat,40,Canada,45.7179106,-80.048324,1,0,1,0,0,1,0,0,1,0,0,0,0,Parry Sound District,10.62,2250000.0
Bullocks Harbour Cay,224,Bahamas,25.774739290816,-77.879021238037,1,1,1,0,0,0,1,0,0,0,0,0,0,San Andros,50.07,2240000.0
Frying Pan Island,7,Canada,45.165383191976005,-80.13133978302,0,0,1,1,0,1,0,0,1,1,0,0,0,Parry Sound,13.41,2156640.18
Goat Island,12,Canada,48.850546409134,-123.47975437157,0,1,0,0,1,0,0,0,0,0,0,0,0,Ganges,0.96,2156640.18
Hewson and Ardwell Islands,16,Canada,45.172214368224,-80.115378752856,0,0,1,0,0,1,0,0,1,0,0,0,0,Parry Sound,12.71,2156640.18
Monroe Island,160,Philippines,18.195306428277,120.52634155397,1,0,0,0,0,0,0,0,0,0,0,1,0,Laoag,4.56,2100000.0
Vernon Island,22,Antigua,17.114604560019,-61.769406492065,0,1,1,0,0,0,0,0,0,0,0,0,0,Piggotts,2.03,2100000.0
Malvanua Island,26,Vanuatu,-15.360639417699002,167.19412740583,1,1,1,0,1,1,0,0,0,0,0,0,0,Luganville,11.2,2048247.61
Drowned Caye,95,Belize,17.470201179933,-88.079275512695,1,1,0,0,0,0,0,0,0,0,0,0,0,Belize City,8.05,2000000.0
Pilotin Island,335,Vanuatu,-15.286529643393,167.21586949521003,1,1,0,0,1,0,0,0,0,0,0,0,0,Luganville,16.51,2000000.0
Lagoon Caye,14,Belize,16.631804346907,-88.208287122583,0,1,0,0,0,0,0,0,0,0,0,0,0,Placencia,13.26,2000000.0
San Miguel Archipelago,163,Panama,8.3893417452823,-78.189593253968,1,1,0,0,1,0,0,0,0,0,0,0,0,La Palma,3.6,2000000.0
Les Isle Mouk Mouk,175,Canada,48.454708713091,-79.266014100586,1,0,0,0,0,0,0,0,1,0,0,0,0,Rouyn-Noranda,18.75,2000000.0
Florida Keys Island,15,United States of America,24.749442855805,-80.971813227539,0,1,0,0,0,0,0,0,0,0,0,0,0,Marathon,7.84,2000000.0
Big Bullard Cay,97,Bahamas,23.486761,-75.8111127,1,1,0,0,1,0,0,0,0,0,0,0,0,George Town,2.56,2000000.0
Round Island Lighthouse,7,United States of America,46.109094466592,-84.021276478302,0,0,1,0,0,1,0,0,0,0,0,1,0,Thessalon,23.83,1995000.0
Tilagica Island,53,Fiji,-16.188257373968998,179.77831222596,1,1,1,0,1,1,0,0,0,0,0,0,0,Labasa,32.24,1975000.0
Bracilette Caye Parcel,48,Belize,18.050235,-87.943025,1,1,0,0,1,0,0,0,0,0,0,0,0,San Pedro,9.4,1950000.0
Davuilau Island,54,Fiji,-16.980218292493,177.32736251393,1,1,0,0,1,0,0,0,0,0,0,0,0,Ba,44.6,1900000.0
Water Foot Caye,3,Belize,16.984224399346,-88.09775660084603,0,1,1,0,0,1,0,0,0,0,0,0,0,Dangriga,9.0,1900000.0
Big Strand Island,45,United States of America,48.06686273230601,-92.960222389502,1,0,1,0,0,0,0,0,1,0,0,0,0,Rainy River District,36.63,1900000.0
Black Island,17,United States of America,31.363210625673,-81.406552313153,1,1,1,0,0,1,0,0,0,0,0,0,0,Darien,1.69,1900000.0
Veterans Key,29,United States of America,24.851059647826,-80.744480801189,1,1,0,0,0,0,0,0,0,0,0,0,0,Islamorada,8.89,1900000.0
Lamb Island,1,Canada,49.54908770780501,-123.76579320184999,0,1,1,0,0,1,0,0,0,0,0,0,0,Sechelt,5.12,1891032.92
Cistern Cay,82,Bahamas,25.7763624,-77.886746,1,1,1,0,0,0,0,0,0,0,0,0,0,San Andros,50.08,1865000.0
Isla Gallina,22,Panama,8.4541912630456,-78.93070394140601,1,1,0,0,1,0,0,0,0,0,0,0,0,San Miguel,0.46,1850000.0
40-Acre Private Island Near Placencia,40,Belize,16.426285671782,-88.429665816052,1,1,0,0,0,0,0,0,0,0,0,0,0,Placencia,7.38,1800000.0
Ilha de Sao Joao,5,Brazil,-23.053526241279997,-44.333589076996,0,1,0,0,0,1,0,1,0,0,0,0,0,Angra dos Reis,3.38,1800000.0
Abacos Islands Home,3,Bahamas,26.548263254370003,-77.024316425629,0,0,1,0,1,1,0,1,0,0,0,0,0,Marsh Harbour,2.48,1800000.0
Lobreau Island,3,Canada,44.749797095913,-78.206546871814,0,0,0,0,0,0,0,0,0,0,0,0,0,Lakefield,22.06,1789632.99
Manatee Caye,5,Belize,17.4535302,-88.065339,0,1,0,0,0,0,0,0,0,0,0,0,0,Belize City,9.28,1750000.0
Sturdivant Island,3,United States of America,43.74147,-70.181437,0,1,1,0,0,1,0,0,0,1,0,0,0,Falmouth Foreside,1.4,1750000.0
Pimlico Island,55,Bahamas,25.348361242617997,-76.85772906499001,1,1,0,0,0,0,0,0,0,0,0,0,0,Spanish Wells,14.93,1695000.0
West Ballenas Island,100,Canada,49.3463433,-124.1578126,1,1,0,0,0,0,0,0,0,0,0,0,0,Fairwinds,5.05,1683692.77
Ustica Island Property,7,Italy,38.7031179,13.1682675,0,1,1,0,0,1,0,0,0,0,0,0,0,Ustica,1.41,1673360.11
265 Acre Private Island,3,Belize,16.489544008857994,-88.39318777345,0,1,0,0,0,0,0,0,0,0,0,0,0,Placencia,2.46,1650000.0
Isla Lacao,206,Chile,-41.80833300000001,-73.618889,1,1,0,0,1,0,0,0,0,0,0,0,0,Ancud,11.03,1600000.0
Tinabian Island,99,Philippines,12.935941730154,121.70809903125,1,1,0,0,1,0,0,0,0,0,0,0,0,Tambong,15.17,1600000.0
Paces Mill Island,45,United States of America,35.806885,-79.180849,1,0,0,0,0,0,0,0,0,0,0,1,0,Fearrington Village,5.08,1600000.0
Harris Island,1,United States of America,57.03529399999999,-135.277586,0,1,1,0,0,1,0,0,0,0,0,0,0,Sitka,2.35,1600000.0
Double Bay Islands,1,Honduras,16.093263342026,-86.932478049219,0,1,1,0,1,1,0,0,0,0,0,0,0,Utila,0.5,1590000.0
Carmichael Island,13,Canada,49.7,-94.504,0,0,0,0,0,0,0,0,1,1,0,0,0,Kenora,4.7,1589103.29
Delhaven Island,16,Canada,45.22088820000001,-80.1953245,0,0,0,0,0,0,0,0,1,0,0,0,0,Parry Sound,11.7,1588346.58
Quoin Island,12,Australia,-23.812112657318,151.28632915344,0,1,0,0,1,0,0,0,0,0,0,0,0,Barney Point,2.8,1517220.45
Go Home Bay,4,Canada,44.984704690583,-79.943111293054,0,0,1,0,0,1,0,0,1,0,0,0,0,Midland,16.48,1512674.99
Halibut Island,10,Canada,48.6203309,-123.27305590000002,0,1,0,0,0,0,0,0,0,0,0,0,0,North Saanich,7.4,1509648.13
Goffatt Island,11,Canada,44.574274,-79.357046,0,0,0,0,0,0,0,0,0,0,0,0,0,Orillia,3.93,1504351.12
Ninth Island,40,Australia,-40.8341575,147.270239,1,1,0,0,0,0,0,0,0,0,0,0,0,Bridport,13.13,1502048.25
"Hawks Nest Cay, Cat Island",42,Bahamas,24.142641977904,-75.52117790646999,1,1,0,0,1,0,0,0,0,0,0,0,1,Arthur’s Town,34.47,1500000.0
La Sistina,1730,Argentina,-36.971106094021,-62.445041784351,1,0,1,0,0,1,0,0,1,0,0,0,1,Guaminí,3.29,1500000.0
Prevost Island Lots,10,Canada,48.831924503132,-123.39888696523,0,1,1,0,0,1,0,0,0,0,0,0,0,Salt Spring Island,4.27,1500000.0
Pedro Island,3,Belize,18.103482227499,-87.970378023804,0,1,0,0,1,0,0,0,0,0,0,0,0,San Pedro,12.96,1500000.0
Exclusive Resort on Lake of the Woods,2,Canada,49.0609997,-94.847543,0,0,1,0,0,1,0,0,1,0,0,0,0,Lake of the Woods County,20.24,1500000.0
Legacy Island,14,United States of America,26.743524100000005,-81.492707523804,0,0,1,0,0,1,0,0,0,0,1,1,0,LaBelle,3.58,1500000.0
Jewfish Key,1,United States of America,27.442697244986,-82.679287457672,0,1,1,0,1,1,0,0,0,0,0,0,0,Cortez,1.88,1500000.0
Green Paradise Island,32,Philippines,10.2418,119.327,1,1,0,0,1,0,0,0,0,0,0,0,0,Roxas,5.64,1500000.0
Nsonga Island,149,Uganda,-0.021633096094549,32.348887884008,1,0,1,0,1,0,0,0,1,0,0,0,0,Entebbe,10.51,1500000.0
Deer Island,90,United States of America,29.235797,-83.079014,1,1,0,0,1,0,0,0,0,0,0,0,0,Levy County,17.8,1499999.0
Eagle Island,6,United States of America,47.893065494961995,-92.421407850601,0,0,1,0,0,1,0,0,1,0,0,0,0,Saint Louis County,21.03,1495000.0
Dunsmuir Island,5,Canada,48.992209278232004,-123.79240036011002,0,1,1,0,0,0,0,0,0,0,0,0,0,Ladysmith,1.12,1490000.0
Zopango Island,2,Nicaragua,11.884424943680001,-85.901628746033,0,0,0,0,0,1,0,1,1,0,0,0,0,Granada,4.84,1490000.0
Richardson Island,10,Canada,46.14529870000001,-79.57408670000002,0,0,1,0,0,1,0,0,1,1,0,0,0,North Bay,12.92,1475595.91
Archipelago Resorts,1,Philippines,12.062152,119.877113,1,1,0,0,1,0,0,0,0,0,0,0,0,Panlaitan,4.38,1450000.0
Oulton's Island,211,Canada,46.7884613,-64.045517,1,1,0,0,0,0,0,0,0,0,0,0,0,Alberton,2.18,1450000.0
Navy's Acre Island,2,Canada,45.22601468298601,-80.189060662537,0,0,1,1,0,1,0,0,1,1,0,0,0,Parry Sound,11.23,1437760.12
Kokomo Property,3,United Kingdom,18.46314011575,-64.536451659277,0,1,1,0,1,1,0,0,0,0,0,0,0,Saint Paul’s,133.55,1400000.0
Invernairn on Mowat Island,25,Canada,45.365461529733,-80.139771448071,0,0,1,1,0,1,0,0,1,1,1,0,0,Parry Sound,5.23,1399924.33
Watch Island,1,United States of America,44.250363142674,-76.153804305557,0,0,1,0,0,1,0,0,0,0,0,1,0,Clayton,3.45,1399000.0
Half Crown Island,4,Canada,46.084811,-75.84819300000002,0,0,1,0,0,1,0,0,1,0,1,0,0,Saint-Raphaël,13.96,1362088.54
Cayo Theana,7,Belize,16.515966717549,-88.379454772583,0,1,0,0,0,0,0,0,0,0,0,0,0,Placencia,0.87,1350000.0
Ilha do Magalhaes,1,Brazil,-27.406452605391003,-48.558183597553,0,1,1,0,0,1,0,0,0,0,0,0,0,Governador Celso Ramos,2.7,1350000.0
Third Cay,4,Bahamas,25.502743932266,-76.633879438623,0,1,0,0,1,0,0,0,0,0,0,0,0,Dunmore Town,0.16,1350000.0
xAngel Islandx,11,United States of America,46.299860319006996,-86.7694623023,0,0,1,0,0,1,0,0,1,0,0,0,0,Munising,9.59,1350000.0
Ile Parisienne,114,Canada,46.653494,-84.712948,1,0,0,0,0,0,0,0,1,1,0,0,0,Sault Ste. Marie,20.36,1300000.0
Ilha de Itaoquinha,2,Brazil,-22.773888352059004,-43.073350764865,0,1,1,0,0,1,0,0,0,0,0,0,0,São Gonçalo,3.87,1300000.0
Zuna Island,1,Australia,-10.7196645,142.2921816,0,1,1,0,1,0,0,0,0,0,0,0,0,Thursday Island,10.68,1300000.0
Huckleberry Island Property,3,Canada,44.301361668793,-76.151198345894,0,0,1,0,1,1,0,0,1,0,0,0,0,Gananoque,2.33,1290000.0
Isle of Rest,1,Canada,45.2277324,-80.1915862,0,0,1,1,0,1,0,0,1,1,0,0,0,Parry Sound,11.23,1282633.37
Arthur Island,4,Canada,44.9309025,-79.8864,0,0,1,1,0,1,0,0,1,1,0,0,0,Midland,12.49,1267499.05
Royal Sunset Island Resort,9,Tonga,-21.056082,-175.2575066,1,1,1,0,1,1,0,0,0,0,0,0,0,Nuku‘alofa,6.78,1265000.0
Camanga Island,75,Philippines,12.298514891194,120.26161098280001,1,1,0,0,1,0,0,0,0,0,0,0,0,Coron,21.08,1257267.47
Long Point Island,56,United States of America,36.399231177841,-75.95590125501799,1,1,0,0,1,0,0,0,0,0,0,0,0,Currituck County,2.45,1250000.0
Saints Bay Island,6,Brazil,-12.831019634433,-38.83541978623,0,1,1,0,1,1,0,0,0,0,0,0,0,Salinas da Margarida,6.41,1240310.08
Palette Island,5,Canada,48.5367893,-88.9013806,0,0,1,1,0,1,0,0,1,0,0,0,0,Thunder Bay,19.23,1210745.37
McLaren Island,2,Canada,45.276379806297996,-80.094785678821,0,0,1,0,0,1,0,0,1,0,0,0,0,Parry Sound,5.69,1210745.37
Ireson Island Lodge,43,Canada,46.091203,-81.78825,1,0,0,0,0,1,0,0,1,0,1,0,0,Little Current,10.13,1210745.37
Trophy Island,19,United States of America,59.469152568793,-154.58169651855,0,0,1,0,0,1,0,0,1,1,0,0,0,Anchor Point,98.41,1200000.0
Hatobanari Island,2,Japan,24.4188889,123.8211111,0,1,0,0,1,0,0,0,0,0,0,0,0,Ishigaki,21.76,1200000.0
Punta Entrada,15,Panama,8.0751695249186,-81.736538936279,0,1,0,0,1,0,0,0,0,0,0,0,0,Distrito de Tolé,9.51,1200000.0
Isla Tortuga,309,Chile,-40.702163464535,-73.802088015625,1,1,0,0,1,0,0,0,0,0,0,0,0,Osorno,36.16,1200000.0
Manchee Island,5,Canada,45.1706694,-80.100059,0,0,1,0,0,1,1,0,1,1,0,0,0,Parry Sound,12.61,1195611.05
Katinka Island,5,United States of America,46.208000300771,-89.78754569469,0,0,1,0,0,1,0,0,1,0,0,0,0,Vilas County,16.9,1195000.0
Trstenik Island,4,Croatia,42.914005109239,16.675436569824,0,1,1,0,0,0,0,0,0,0,1,0,0,Vela Luka,4.16,1171352.07
Yacht Club Island,2,Canada,49.742582393833,-94.51807510185199,0,0,1,0,0,1,0,0,1,1,0,0,0,Kenora,2.13,1131290.2
The Pines Island,28,Canada,45.232963,-80.1845614,0,0,0,0,0,0,0,0,1,1,0,0,0,Parry Sound,10.73,1131290.2
Whipperwill North Island,4,Canada,45.337179425998,-80.293198745972,0,0,1,0,0,1,0,0,1,1,0,0,0,Parry Sound,12.55,1131290.2
Twin Pines on Mowat Island,12,Canada,45.365401226592,-80.14895533173801,0,0,1,0,0,1,0,0,1,1,1,0,1,Parry Sound,5.66,1119939.46
Goring Bogue Caye,6,Belize,17.422141261106994,-88.069838432983,0,1,0,0,1,0,0,0,0,0,0,0,0,Belize City,9.97,1100000.0
White Cloud Island,36,Canada,44.8369732,-80.9741642,1,0,0,0,1,0,0,0,1,0,0,0,0,Owen Sound,18.7,1100000.0
Jewfish Key Beachfront Lot,1,United States of America,27.443838324341,-82.680768176599,0,1,0,0,1,0,0,0,0,0,0,0,0,Cortez,1.78,1100000.0
Ilha de Pioca,215,Brazil,-12.636634159818001,-38.704906015869,1,1,0,0,0,0,0,0,0,0,0,0,0,São Francisco do Conde,4.86,1100000.0
Everglades Escape,80,United States of America,25.913041694776002,-80.818531846558,1,0,1,0,0,1,0,0,0,0,0,0,0,Monroe County,25.33,1100000.0
Jelina Island,7,Canada,49.513933095533,-124.30686217854,0,1,0,0,0,0,0,0,0,0,0,0,0,French Creek,12.13,1097237.99
Davis Island,10,Canada,45.28811694332301,-80.278564462891,0,0,0,1,0,0,0,0,1,1,0,0,0,Parry Sound,12.51,1059402.19
Lily Island,8,Canada,49.15634402842,-123.69874060831002,0,1,0,0,0,0,0,0,0,0,0,0,0,Cedar,7.49,1055618.62
Isla Milagrosa,12,Philippines,8.6487888254014,123.49008915063,0,1,1,0,0,0,0,0,0,0,0,0,0,Sibutao,3.96,1033484.91
3-acre Parcel on Long Island,3,Bahamas,23.467654,-75.223302958167,0,1,0,0,1,0,1,0,0,0,1,0,0,Clarence Town,29.62,1000000.0
Chatuge Island,4,United States of America,34.967576084666,-83.750873426056,0,0,0,1,0,0,0,0,1,0,0,0,0,Towns County,3.6,1000000.0
Yellow Rock Island,330,Australia,-30.481336758249,153.02589741948,1,1,0,0,1,0,1,0,0,0,0,0,0,Urunga,1.29,1000000.0
Hõra Island,60,Estonia,58.900430263608,23.064079284668,1,1,0,0,0,0,0,0,0,0,1,0,0,Kärdla,13.08,999000.0
Heather Island,157,United States of America,27.0500703,-81.9874,0,0,0,0,0,0,0,0,0,0,0,0,0,Harbour Heights,4.19,999000.0
Clark Island,176,United States of America,29.239357309115,-83.055634328003,1,0,0,0,0,0,0,0,0,0,0,1,0,Levy County,16.37,997500.0
Major Island,412,Canada,46.446519096317,-75.53718957128899,1,0,0,0,0,0,0,0,1,0,0,0,1,Mont-Laurier,7.38,996235.0
Blue Hole Cay,12,Bahamas,24.205637077584,-77.609825134277,0,1,1,0,1,0,0,0,0,0,0,0,0,Andros Town,35.93,995000.0
Treetop Island,4,United States of America,42.378175537238995,-88.189944082803,0,0,1,1,0,1,0,0,1,0,0,0,0,Fox Lake,1.32,995000.0
Fort Montgomery Island,94,United States of America,45.006261,-73.34961899999998,1,0,0,0,0,0,0,0,1,0,1,0,0,Rouses Point,1.13,995000.0
Coco Plum Cay,5,Honduras,16.422238403904,-86.190936080518,0,1,1,0,1,0,0,0,0,0,0,0,0,José Santos Guardiola,7.65,990000.0
Golfo Dulce Island Property,32,Costa Rica,8.5954379818793,-83.17390429339599,1,1,1,0,1,1,0,0,0,0,0,0,0,Golfito,3.7,980000.0
Luella Island,1,Canada,45.094632891836994,-79.513283081476,0,0,1,1,0,1,0,0,1,1,0,0,0,Bracebridge,10.5,979947.03
Humphrey Island,17,United States of America,45.271943088414,-94.02734762485399,1,0,0,0,0,0,0,0,1,0,0,0,0,Maple Lake,3.21,975000.0
Basin Island,26,United States of America,44.871577447949,-87.517389272491,0,0,0,0,0,0,0,0,0,0,0,0,0,Sturgeon Bay,7.34,950000.0
5003 THOMPSON LANE SE,4,United States of America,47.0021259,-122.72006,0,0,1,0,0,1,0,0,1,0,0,0,0,Tanglewilde-Thompson Place,4.43,950000.0
Yauchler Island,5,United States of America,42.828613,-74.124566,0,0,1,0,0,1,0,0,1,0,0,0,0,Schenectady County,3.42,949900.0
Marakorako Island,8,France,-14.4028975,-145.958135,0,1,1,0,1,1,0,0,0,0,0,0,0,Avarua,1022.54,949684.0
Hanhisaari Island,21,Finland,62.3034965,28.3219673,1,0,0,0,0,0,0,0,1,0,0,0,0,Kangaslampi,2.28,948237.39
Jumbo Island,12,Canada,45.1584299,-80.1357846,0,0,1,0,0,1,0,0,1,0,0,0,0,Parry Sound,13.94,945894.82
Shore Island,30,Ireland,52.6927778,-9.055833300000002,1,1,0,0,0,0,0,0,0,0,0,0,0,Askeaton,7.26,920348.06
MacLean Island,16,Canada,45.329802095252,-80.221056832788,0,0,1,0,0,1,0,0,1,0,0,0,0,Parry Sound,9.1,908059.02
Guilihan Island,3,Philippines,9.719752,126.074347,0,1,1,0,1,0,0,0,0,0,0,0,0,Dapa,3.1,900000.0
Tsuga Island,17,United States of America,44.887880828666,-69.26748524501299,0,0,1,0,0,1,0,0,1,0,0,0,0,Corinna,2.32,899000.0
Bells Island,62,United States of America,34.732495604957,-76.50145020104999,1,1,0,0,1,0,0,0,0,0,0,0,0,Harkers Island,4.18,895000.0
Île Québec,64,Canada,46.382059088512,-75.11697979895,0,0,0,0,0,0,0,0,1,0,0,0,0,Rivière-Rouge,12.2,895000.0
Dutra's Island,4,United States of America,38.030367290976,-121.5806391749,0,0,0,0,0,0,0,0,0,0,0,0,0,Bethel Island,3.43,895000.0
"Deep Water Cay, Grand Bahama",91,Bahamas,26.630939548199,-77.921202798981,1,1,1,0,1,1,1,0,0,0,0,0,0,High Rock,22.13,885000.0
Indigo Point,4,United Kingdom,18.457603957689,-64.537910780982,0,1,0,0,1,0,0,0,0,0,0,0,0,Saint Paul’s,133.42,875000.0
Bareneck Island,15,United States of America,43.884565966581,-69.738103797607,0,0,1,0,0,1,0,0,1,0,0,1,0,Woolwich,3.93,875000.0
Brown Island,48,United States of America,45.2861258,-83.4799804,1,0,1,0,0,1,0,0,1,0,0,0,0,Alpena County,15.41,874900.0
Amazon Resort Island,27,Brazil,-3.5941667,-60.026944444399994,0,0,0,0,0,1,0,0,1,1,1,0,0,Iranduba,24.03,850000.0
Molono Island,4,Vanuatu,-15.379312774165001,167.19659552936,0,0,1,0,1,1,0,0,1,0,0,0,0,Luganville,9.98,825000.0
Soldier Caye,5,Belize,17.324795503682,-87.788872642853,0,1,0,0,1,0,1,0,0,0,0,0,0,Belize City,29.52,800000.0
Arrow Head Caye,4,Belize,17.476612563636,-88.07131901235901,0,1,0,0,0,0,0,0,0,0,0,0,0,Belize City,8.47,800000.0
Green Bay Island,15,Philippines,10.257558705102,119.36837046627,0,1,1,0,1,0,0,0,0,0,0,0,0,Roxas,4.69,800000.0
Bonefish Cay,6,Bahamas,24.314932631698,-77.824013893542,0,1,0,0,1,0,0,0,0,0,0,0,0,Andros Town,27.17,795000.0
Horse Island (Massachusetts),3,United States of America,42.2384343,-70.774486,0,0,0,0,0,0,0,0,0,0,0,1,0,North Scituate,1.46,750000.0
Namaste Island,8,United States of America,44.691832237258,-85.710048185181,0,0,1,0,0,1,0,0,1,0,0,0,0,Traverse City,6.59,749000.0
Namakan Lake Island,2,Canada,48.445390595393,-92.687553947885,0,0,1,0,0,1,0,0,1,0,0,0,0,Rainy River District,9.37,749000.0
Hunter's Island,7,Canada,45.934466604797,-66.161521020996,0,0,1,0,0,1,0,0,1,1,0,0,0,Oromocto,16.75,745365.12
Tibbett Island,3,Canada,45.2399277,-80.1984423,0,0,1,1,0,1,0,0,1,1,0,0,0,Parry Sound,10.86,737797.96
Crichton Island,100,Canada,45.5080283,-61.0956953,1,1,1,0,0,0,0,0,0,1,0,0,0,Port Hawkesbury,14.36,737797.96
Turquoise Caye,5,Belize,18.107407078176,-87.966627408618,0,1,0,0,0,0,0,0,0,0,0,0,0,San Pedro,13.23,725000.0
Oullette Island,20,Canada,46.556399,-75.364071,0,0,1,0,0,1,0,0,1,1,0,0,0,Mont-Laurier,6.44,718880.06
Wah Wah Taysee Property,9,Canada,45.07520782771,-80.065739160449,0,0,1,0,0,1,0,0,1,0,0,0,0,Parry Sound,18.86,718804.39
Cow and Calf Islands,60,Canada,45.797456210882,-61.048890626715,1,0,0,0,0,0,0,0,1,1,0,0,0,Princeville,12.21,711312.9
Cayo Frenchman,7,Nicaragua,11.737861687567001,-83.61207796922301,0,1,1,0,0,1,0,0,0,0,0,0,0,Bluefields,21.63,700000.0
Golding Cay,3,Bahamas,25.529912486363,-76.85076353904,0,1,0,0,1,0,0,0,0,0,0,0,0,Spanish Wells,5.54,700000.0
Big Trout Island 2,46,United States of America,46.055793737177,-83.852953161902,1,0,1,0,0,1,0,0,1,0,0,0,0,Thessalon,19.18,699000.0
Isla Leo,2,Panama,9.5767085167031,-79.34258107602,0,1,1,0,1,1,0,0,0,0,0,0,0,Distrito de Santa Isabel,6.69,699000.0
Beulah Island,3,Canada,45.2221753,-80.1811575,0,0,1,1,0,1,0,0,1,1,0,0,0,Parry Sound,11.18,673477.11
Fantasy Guyisland,3,United States of America,45.711388,-94.222991,0,0,0,0,1,0,0,0,0,0,0,1,0,Rice,2.8,669000.0
31 Mile Lake,25,Canada,46.164404519903,-75.806410644922,1,0,1,0,0,1,0,0,1,0,0,0,0,Saint-Raphaël,11.64,665000.0
Bachelor Island,4,United States of America,34.712632943113,-76.522873342037,0,1,1,0,1,1,0,0,0,0,0,0,0,Harkers Island,2.4,650000.0
Sandpoint Lake Island,2,United States of America,48.40720968791,-92.451170015283,0,0,1,0,0,1,0,0,1,0,0,0,0,Rainy River District,6.78,640000.0
Lizard Island,76,Canada,47.412112995635994,-84.81977529626502,1,0,0,0,1,0,0,0,1,0,0,0,0,Algoma,37.43,605372.68
West Snake Caye,9,Belize,16.191335850014,-88.57158938921499,0,1,0,0,1,0,0,0,0,0,0,0,0,Punta Gorda,17.06,600000.0
Pine Island,2,United States of America,47.621050953776,-93.349835593146,0,0,1,0,0,1,0,0,1,0,0,0,0,Itasca County,15.25,600000.0
Eagles Nest Island,20,United States of America,46.233751,-89.400666,1,0,0,0,0,0,0,0,1,0,0,0,0,Vilas County,13.64,599000.0
Deep Blue Water Caye,2,Belize,16.81370091781001,-88.142833137512,0,1,0,0,0,0,0,0,0,0,0,0,0,Dangriga,12.32,598000.0
Private Island at Big Narrows,9,Canada,49.52228399646,-94.72275185920401,0,0,1,0,0,1,0,0,1,1,0,0,0,Kenora,19.89,595000.0
Duval Island,5,Canada,46.323902318257,-84.0854061021,0,0,0,0,0,1,0,0,1,0,0,0,1,Sault Ste. Marie,17.13,595000.0
Sunset Key,5,United States of America,28.174881,-82.79256099999998,0,1,0,0,0,0,0,0,0,0,0,0,0,Key Vista,1.92,595000.0
Bearberry Island,3,United States of America,47.46869,-88.100378,0,0,1,0,0,1,0,0,1,0,0,0,0,Keweenaw County,13.85,595000.0
Hudson River Island,84,United States of America,43.271436791847,-73.666183252887,1,0,0,1,0,0,0,0,0,0,0,1,0,West Glens Falls,2.17,595000.0
Coquina Key,1,United States of America,28.175594378305,-82.794281411551,0,1,0,0,0,0,0,0,0,0,0,0,0,Key Vista,1.97,595000.0
Horseshoe Island,5,Canada,45.521219962072,-80.466062877924,0,0,0,0,0,0,0,0,1,1,0,0,0,Parry Sound,24.1,594021.94
xShore Islandx,2,Canada,49.545609490633,-94.372200376843,0,0,1,0,0,1,0,0,1,1,0,0,0,Kenora,16.2,586454.79
South Benjamin Island,5,Canada,46.08434000000001,-82.25571,0,0,0,0,0,1,0,0,1,1,0,0,0,Little Current,17.45,567461.22
Eugley Island,0,United States of America,43.997157770840005,-69.365959104755,0,0,1,0,0,0,0,0,0,0,0,0,1,Friendship,1.84,544000.0
Lake Winter Island,5,United States of America,45.811293312835,-90.98681996826201,0,0,1,0,0,1,0,0,1,0,0,0,0,Sawyer County,8.96,539500.0
Shadynook Cottage,2,Canada,45.170467510655,-80.103496043239,0,0,0,0,0,0,0,0,0,0,0,0,0,Parry Sound,12.66,528944.38
Black Sturgeon Island,11,Canada,49.872,-94.45,0,0,1,0,0,1,0,0,1,1,0,0,0,Kenora,7.44,525917.52
Burts Island,5,Canada,48.818768967672995,-125.15112641716,0,1,0,0,0,0,0,0,0,0,0,0,0,Ucluelet,19.86,525917.52
Isle of Navaro,9,Panama,9.2384858128759,-82.222012731491,0,1,1,0,0,0,0,0,0,0,0,0,0,Bocas del Toro,7.17,500000.0
Ormond By the Sea,1,United States of America,29.426010820628,-81.108991814819,0,1,0,0,0,0,0,0,0,0,0,0,0,Flagler Beach,3.55,500000.0
Kidney Island,6,United States of America,46.408818223109996,-90.2384748435,0,0,1,0,0,1,0,0,1,0,0,0,0,Hurley,3.75,499900.0
Opal Caye,5,Belize,16.500319896401994,-88.286894647113,0,1,0,0,1,0,0,0,0,0,0,0,0,Placencia,5.36,499000.0
Private Island South,7,Canada,49.44576286664,-94.75484595644501,0,0,0,0,0,0,0,0,1,1,0,0,0,Kenora,25.19,499000.0
"43-Acre Island off Riversdale, Placencia",4,Belize,16.678434852162002,-88.189297572723,0,1,0,0,0,0,0,0,0,0,0,0,0,Placencia,16.32,499000.0
Virginia Caye,4,Belize,16.797079744115,-88.155287660956,0,1,1,0,1,1,0,0,0,0,0,0,0,Dangriga,12.99,499000.0
Angel's Nest,4,United States of America,26.518791,-82.11927,0,0,0,0,0,0,0,0,0,0,0,0,0,Saint James City,2.92,495000.0
Heli Island Retreat,7,Canada,46.216416358081,-79.425575954309,0,0,1,0,0,1,0,0,1,1,0,0,0,North Bay,7.2,491108.59
Johnson Island Alderson,36,United States of America,37.726818286747,-80.652204400911,1,0,1,0,0,1,0,0,0,1,1,1,0,Alderson,0.56,490444.0
Atcheson Island,1,Canada,46.08381729999999,-79.7780132,0,0,1,0,0,1,0,0,1,1,0,0,0,North Bay,21.94,488081.73
Connington Island,6,Canada,44.47914110037,-63.788719503180005,0,1,0,1,0,0,0,0,0,0,0,0,1,Halifax,15.7,485000.0
Etta's Island,4,United States of America,45.109884447481,-69.169785122684,0,0,1,0,0,1,0,0,1,0,0,0,0,Garland,4.96,479500.0
Iguana Island,5,Nicaragua,11.879639997179,-83.671492346875,0,1,1,0,0,1,0,0,0,0,0,0,0,Bluefields,11.16,475000.0
Hartman Island,2,Canada,45.1346816,-80.076873013739,0,0,1,0,0,1,0,0,1,1,0,0,1,Parry Sound,14.83,465304.58
Kalgin Island,5,United States of America,60.476067500000006,-151.91807,1,1,1,0,1,1,0,0,0,0,0,0,0,Kalifornsky,21.77,460000.0
Phoebe Island,2,United States of America,45.265029339485,-69.194745560545,0,0,1,0,0,1,0,0,1,1,0,0,1,Dover-Foxcroft,5.85,459000.0
Freedrinks Island,9,Canada,45.8637741,-80.6180282,0,0,1,0,0,1,0,0,1,1,0,0,0,Parry Sound District,38.62,453272.8
Saddle Caye 219,2,Belize,16.688594068143,-88.170110931616,0,1,0,0,0,0,0,0,0,0,0,0,0,Placencia,17.73,450000.0
Farolan Island,0,Philippines,10.511453803001,122.49026415638001,0,0,0,0,0,0,0,0,0,0,0,0,0,Nueva Valencia,2.8,450000.0
Howard Island,2,United States of America,46.033126531118,-83.754128634393,0,0,1,0,0,1,0,0,1,0,0,0,0,Thessalon,17.47,449000.0
Motu Tohepuku,19,France,-16.169304653128,-144.78558769226,0,1,0,0,1,0,0,0,0,0,0,0,0,Avarua,1040.35,444995.54
Majestic Island,1,United States of America,43.45952320713101,-88.870159994443,0,0,1,0,0,1,0,0,1,0,0,0,0,Beaver Dam,1.65,429000.0
Maple Island,38,Canada,43.818881756539,-66.000594828369,1,0,1,0,0,1,0,0,0,0,0,1,0,Yarmouth,5.82,425000.0
Rothwells Island,1,Canada,44.826915,-76.1771,0,0,1,0,0,1,0,0,1,0,1,0,0,Perth,6.17,419000.0
Isla Carabana Sol,0,Panama,9.245485199866,-82.241268697623,0,0,1,0,0,1,0,0,0,0,0,0,0,Bocas del Toro,6.55,403000.0
McKelvey Island,11,Canada,54.6920308,-125.2333216,1,0,1,0,0,1,0,0,1,0,0,0,0,Burns Lake,38.33,400000.0
Butterfield Island,1,Canada,46.375767,-82.93495,0,0,1,0,0,1,0,0,1,0,0,0,0,Elliot Lake,14.4,399500.0
Salt Cay Parcels,2,Turks and Caicos,21.340551587441002,-71.200635446484,0,1,1,0,1,0,0,0,0,0,0,0,0,Luperón,101.31,399000.0
22-Acre Peninsula on Saddle Caye,2,Belize,16.689005732287,-88.169719627231,0,1,0,0,0,0,0,0,0,0,0,0,0,Placencia,17.77,399000.0
Hat Caye,1,Belize,17.175242341377,-87.61968766156002,0,1,0,0,1,0,0,0,0,0,0,0,0,Dangriga,42.93,399000.0
Greer Island,5,United States of America,44.054161,-68.784542,0,1,0,0,0,0,0,0,0,0,0,0,0,Vinalhaven,2.38,395000.0
08-Acre Island in Placencia Village,1,Belize,16.516117734175,-88.37024415795,0,0,0,0,0,0,0,0,0,0,0,0,0,Placencia,0.28,380000.0
Jenson Island,4,Canada,49.2564487,-94.3296827,0,0,1,0,0,1,0,0,1,1,0,0,0,Kenora,36.03,378357.93
Indian Islands,45,Canada,45.612516252606,-60.996683725287,0,1,0,0,1,0,0,0,0,0,0,0,0,Port Hawkesbury,17.01,378282.26
Billy Goat Island,4,Canada,48.866076286792,-124.18810613486,0,0,1,0,0,0,0,0,1,0,0,0,0,Lake Cowichan,6.7,377979.57
2630,2,Belize,16.537698908757,-88.36295402321802,0,1,0,0,1,0,0,0,0,0,0,0,0,Placencia,1.64,375000.0
2-Acre Private Island Near Placencia,2,Belize,16.560139500663,-88.198116185999,0,1,0,0,1,0,0,0,0,0,0,0,0,Placencia,11.59,375000.0
Bodden Caye,2,Belize,16.980237997251,-88.095487452019,0,1,0,0,0,0,0,0,0,0,0,0,0,Dangriga,9.12,375000.0
"Bird Island, SC",1,United States of America,32.399649988038,-80.828334800928,0,1,1,0,0,0,0,0,0,0,0,0,0,Laurel Bay,4.32,375000.0
The Enclave at Placencia Caye,2,Belize,16.511133800000003,-88.36005420000002,0,1,1,0,0,1,0,0,0,0,0,0,0,Placencia,0.47,372000.0
Craig Island,12,Canada,49.558224767849,-94.429724924512,0,0,0,0,0,0,0,0,0,0,0,0,0,Kenora,14.7,370034.05
Wild Cane Key,3,Panama,9.350536305084999,-82.16832671892399,0,1,0,0,0,0,0,0,0,0,0,0,0,Isla Bastimentos,4.23,360000.0
Frypan Island,7,Canada,50.08497420248801,-91.925728719604,0,0,1,1,0,1,0,0,1,1,0,0,0,Dryden,42.18,359440.03
Saddle Caye 59,6,Belize,16.686045371501994,-88.171055069189,0,0,0,0,0,0,0,0,0,0,0,0,0,Placencia,17.56,350000.0
"Bocal Island, Nicaragua",3,Nicaragua,11.577474873935001,-83.64865257135,0,1,1,0,0,0,0,0,0,0,0,0,0,Bluefields,31.12,350000.0
Sunset Island,0,Belize,17.931717283266995,-87.978750164154,0,0,0,0,0,0,0,0,0,0,0,0,0,San Pedro,1.38,350000.0
Quiana Island,6,United States of America,57.001799820595,-135.30143311905002,0,1,1,0,0,1,0,0,0,0,0,0,0,Sitka,3.72,350000.0
Fairy Island,1,United States of America,42.801781,-88.428177,0,0,1,0,0,1,0,0,1,0,0,0,0,East Troy,1.63,350000.0
Mowat Island L-727,14,Canada,45.3676324,-80.1499853,0,0,0,0,0,0,0,0,1,1,0,0,0,Parry Sound,5.74,301929.63
Deo Gratia,3,Canada,45.981955,-81.232543,0,0,1,0,0,1,0,0,0,1,0,1,0,Lively,31.44,300000.0
Bensley Island,12,Canada,46.04326500000001,-81.659104,0,0,0,0,0,0,0,0,1,0,0,0,0,Little Current,13.49,300000.0
Deadman Caye 14 acres,1,Belize,17.196610999999994,-87.86444499999998,0,1,0,0,1,0,0,0,0,0,0,0,0,Dangriga,28.96,299000.0
Gullah Island,3,United States of America,32.141802,-80.89379699999998,0,1,0,0,0,0,0,0,0,0,0,0,0,Bluffton,6.87,299000.0
Stono Island,1,United States of America,32.661313452356,-79.99882145767201,0,0,0,0,0,0,0,0,0,0,0,1,0,Folly Beach,3.43,297000.0
Lark Caye,3,Belize,16.512252451403,-88.25902113103001,0,1,0,0,1,0,0,0,0,0,0,0,0,Placencia,7.12,295000.0
Spider Caye,1,Belize,16.534952469976,-88.090829899475,0,1,0,0,1,0,0,0,0,0,0,0,0,Placencia,18.31,275000.0
Richards Island,30,Canada,45.241330100000006,-61.2015032,0,1,1,0,0,1,0,0,0,1,0,0,0,Port Hawkesbury,26.91,274500.0
Moshers Island,96,Canada,44.236324152171,-64.33146861376899,1,1,0,0,0,0,0,0,0,1,0,0,0,Lunenburg,9.85,265000.0
Motu Matatahi,2,France,-15.145702664295001,-147.91322704136005,0,1,0,0,1,0,0,0,0,0,0,0,0,Avarua,883.65,261761.49
Long Caye Island Property,0,Belize,17.219436770780998,-87.592865971411,0,1,1,0,0,0,0,0,0,0,0,0,0,Belize City,44.32,254000.0
xBlack Islandx,20,Canada,45.950318975403995,-60.520838773535004,0,0,0,0,0,0,0,0,1,1,0,0,0,Eskasoni 3,4.59,245932.65
Lizzies Cove Island,7,Canada,52.086326434147,-128.08128379231002,0,1,0,0,0,0,0,0,0,0,0,0,0,Central Coast Regional District,46.06,229000.0
Middle Island,38,Canada,44.120651423222,-64.526073626984,0,1,0,0,0,0,0,0,0,1,0,0,0,Bridgewater,17.82,227014.76
Harbour Island,2,Canada,44.816385,-62.97359399999999,0,0,1,0,0,1,0,0,1,0,0,0,0,Lake Echo,20.83,208096.86
No Mans Island,19,United States of America,39.016389118995,-74.817409947485,1,0,0,0,0,0,0,0,1,0,0,0,0,North Wildwood,1.46,200000.0
El Nido Peninsula,3,Philippines,11.103552313085,119.33487376672,0,1,0,0,1,0,0,0,0,0,0,0,0,El Nido,7.02,199000.0
Deadman Caye 699acres,1,Belize,17.193085237303,-87.866504936523,0,1,0,0,1,0,0,0,0,0,0,0,0,Dangriga,28.71,199000.0
Angus Island,15,Canada,44.84903185974,-62.451314597777994,0,1,0,0,1,0,0,0,0,0,0,0,1,Pictou County,45.44,190000.0
Wee Wee Caye,2,Belize,16.76491374691,-88.142417745361,0,1,1,0,1,0,0,0,0,0,0,0,0,Dangriga,15.37,180000.0
"1-Acre Private Island near Riversdale, Placencia",1,Belize,16.692220557469,-88.18777358803698,0,1,0,0,0,0,0,0,0,0,0,0,0,Placencia,17.07,180000.0
Spuhn Island Lots,2,United States of America,58.341096855307,-134.65799237672,0,1,0,1,1,0,0,0,0,0,0,0,0,Juneau,9.06,169900.0
Mannions Island,4,Ireland,51.608942603239,-9.555873645507699,0,1,0,0,0,0,0,0,0,0,0,0,0,Bantry,6.63,167336.01
Calf Island,26,Canada,44.936121350068,-62.195835113525,0,1,0,0,0,0,0,0,0,1,0,0,0,Pictou County,43.26,166477.49
Orchid Islands,1,Belize,17.923666464455,-87.98615195424497,0,1,0,0,0,0,0,0,0,0,0,0,0,San Pedro,1.43,165000.0
xLong Islandx,92,Canada,46.187610599715,-60.410337697559,1,1,1,0,0,0,0,0,0,1,0,0,0,Sydney Mines,9.82,160000.0
Cockroach Bay,10,Belize,17.496237910126,-87.783293452026,0,1,0,0,1,0,0,0,0,0,0,0,0,Belize City,27.3,150000.0
"6-Acre Beachfront Parcel, Southern Long Caye",6,Belize,17.080390874076,-88.03664303605998,0,1,0,0,1,0,0,0,0,0,0,0,0,Dangriga,15.07,150000.0
Deadman Caye 941 acres,1,Belize,17.194520148828,-87.865989952393,0,1,0,0,1,0,0,0,0,0,0,0,0,Dangriga,28.8,149000.0
Waterfront Lots in the Placencia Yacht Club,0,Belize,16.51032729178,-88.36092855977198,0,0,0,0,0,0,0,0,0,0,0,0,0,Placencia,0.45,145000.0
Leader Island,11,Canada,44.734433,-63.028543000000006,0,1,0,0,0,0,0,0,0,1,0,0,1,Lake Echo,17.35,124858.12
La Cornelia Island,1,Nicaragua,11.909073,-85.90460999999998,0,0,0,1,0,0,0,0,1,0,0,0,0,Granada,3.76,90000.0
Echo Island,3,Canada,43.986850153259,-65.904507208954,0,0,1,0,0,1,0,0,1,1,0,0,0,Yarmouth,14.92,90000.0
Gillis Island,11,Canada,46.074348229792,-62.904045989627,0,0,0,0,0,0,0,0,0,0,1,1,0,Belfast,1.23,79999.0
Hemlow Island,55,Canada,45.011709975974,-61.980101515283,1,1,0,0,0,0,0,0,0,1,0,0,0,Antigonish,41.82,74914.87
Bone Fish Caye,0,Belize,18.203378813294,-88.0050358125,0,0,0,0,0,0,0,0,0,0,0,0,0,San Pedro,20.02,69500.0
Big Tancook Island,12,Canada,44.4592383,-64.16188460000001,0,1,0,0,0,0,0,0,0,1,0,0,0,Chester,6.88,68104.43
Half Island,6,Canada,45.588638992742005,-61.20766752825301,0,0,0,0,1,0,0,0,1,0,0,0,1,Port Hawkesbury,7.08,59023.84
Long Caye Beachfront at The Great Blue Hole,0,Belize,17.221947501013,-87.593735007132,0,0,0,0,0,0,0,0,0,0,0,0,0,Belize City,44.2,59000.0
Hen Island,0,Canada,41.7882995,-82.797509173541,0,0,0,0,0,0,0,0,0,0,0,0,0,Port Clinton,20.42,25700.0
